{"cameraMode":{"drawMode":0,"name":"Shaded","section":"Shading Mode"},"sceneLighting":true,"audioPlay":false,"sceneViewState":{"m_AlwaysRefresh":false,"showFog":true,"showSkybox":true,"showFlares":true,"showImageEffects":true,"showParticleSystems":true,"showVisualEffectGraphs":true,"m_FxEnabled":true},"in2DMode":false,"pivot":{"x":-0.23583225905895234,"y":-10.557833671569825,"z":-0.40285587310791018},"rotation":{"x":0.6872965097427368,"y":0.0006173059227876365,"z":-0.001867392798885703,"w":0.726601243019104},"size":19.79899024963379,"orthographic":false}