{"cameraMode":{"drawMode":0,"name":"Shaded","section":"Shading Mode"},"sceneLighting":true,"audioPlay":false,"sceneViewState":{"m_AlwaysRefresh":false,"showFog":true,"showSkybox":true,"showFlares":true,"showImageEffects":true,"showParticleSystems":true,"showVisualEffectGraphs":true,"m_FxEnabled":true},"in2DMode":false,"pivot":{"x":21.171024322509767,"y":-2.2203481197357179,"z":-21.346580505371095},"rotation":{"x":0.029460789635777475,"y":0.931556224822998,"z":-0.07793918997049332,"w":0.35415127873420718},"size":20.205907821655275,"orthographic":false}