{"cameraMode":{"drawMode":0,"name":"Shaded","section":"Shading Mode"},"sceneLighting":true,"audioPlay":false,"sceneViewState":{"m_AlwaysRefresh":false,"showFog":true,"showSkybox":true,"showFlares":true,"showImageEffects":true,"showParticleSystems":true,"showVisualEffectGraphs":true,"m_FxEnabled":true},"in2DMode":false,"pivot":{"x":0.5431076884269714,"y":1.7712838649749756,"z":1.0051445960998536},"rotation":{"x":-0.16941998898983003,"y":0.735302209854126,"z":-0.19924408197402955,"w":-0.6252674460411072},"size":0.8557937741279602,"orthographic":false}