{"cameraMode":{"drawMode":0,"name":"Shaded","section":"Shading Mode"},"sceneLighting":true,"audioPlay":false,"sceneViewState":{"m_AlwaysRefresh":false,"showFog":true,"showSkybox":true,"showFlares":true,"showImageEffects":true,"showParticleSystems":true,"showVisualEffectGraphs":true,"m_FxEnabled":true},"in2DMode":false,"pivot":{"x":-0.09167289733886719,"y":2.8622326850891115,"z":0.3680534362792969},"rotation":{"x":-0.09957613795995712,"y":0.8823357224464417,"z":-0.21649256348609925,"w":-0.4058319330215454},"size":7.202712059020996,"orthographic":false}